,source,DOI,paper_title,experiment_overview,cell_line,experiment_particular,gene,mutation.or.Amplification,perturbation,expectation_bma,action_types,Author,DEPRECATED,paper_code,Figure,mean_result
1,Srivatsan,10.1016/j.cell.2020.08.013,Proteomics of human cell lines identifies drug targets and pathways,MCF7 BRCA cell line drug perturbation screen,MCF7,TAK-901 (934541-31-8),EGFR,basal,1.0,,basal,Srivatsan,N,Srivatsan2020,,1.0
2,Srivatsan,10.1016/j.cell.2020.08.013,Proteomics of human cell lines identifies drug targets and pathways,MCF7 BRCA cell line drug perturbation screen,MCF7,TAK-901 (934541-31-8),PIK3CA,basal,2.0,,basal,Srivatsan,N,Srivatsan2020,,2.0
3,Srivatsan,10.1016/j.cell.2020.08.013,Proteomics of human cell lines identifies drug targets and pathways,MCF7 BRCA cell line drug perturbation screen,MCF7,TAK-901 (934541-31-8),CDKN2A,basal,0.0,,basal,Srivatsan,N,Srivatsan2020,,0.0
4,Srivatsan,10.1016/j.cell.2020.08.013,Proteomics of human cell lines identifies drug targets and pathways,MCF7 BRCA cell line drug perturbation screen,MCF7,TAK-901 (934541-31-8),AURKB,Drug,0,,INHIBITOR,Srivatsan,N,Srivatsan2020,,0.0
5,Srivatsan,10.1016/j.cell.2020.08.013,Proteomics of human cell lines identifies drug targets and pathways,MCF7 BRCA cell line drug perturbation screen,MCF7,TAK-901 (934541-31-8),HSP90AA1,,,0,,Srivatsan,N,Srivatsan2020,,0.0
6,Srivatsan,10.1016/j.cell.2020.08.013,Proteomics of human cell lines identifies drug targets and pathways,MCF7 BRCA cell line drug perturbation screen,MCF7,TAK-901 (934541-31-8),JAK2,,,2,,Srivatsan,N,Srivatsan2020,,2.0
7,Srivatsan,10.1016/j.cell.2020.08.013,Proteomics of human cell lines identifies drug targets and pathways,MCF7 BRCA cell line drug perturbation screen,MCF7,TAK-901 (934541-31-8),RPS6KB1,,,2,,Srivatsan,N,Srivatsan2020,,2.0
8,Srivatsan,10.1016/j.cell.2020.08.013,Proteomics of human cell lines identifies drug targets and pathways,MCF7 BRCA cell line drug perturbation screen,MCF7,TAK-901 (934541-31-8),CCND1,,,0,,Srivatsan,N,Srivatsan2020,,0.0
9,Srivatsan,10.1016/j.cell.2020.08.013,Proteomics of human cell lines identifies drug targets and pathways,MCF7 BRCA cell line drug perturbation screen,MCF7,TAK-901 (934541-31-8),HES1,,,2,,Srivatsan,N,Srivatsan2020,,2.0
10,Srivatsan,10.1016/j.cell.2020.08.013,Proteomics of human cell lines identifies drug targets and pathways,MCF7 BRCA cell line drug perturbation screen,MCF7,TAK-901 (934541-31-8),CDKN1A,,,2,,Srivatsan,N,Srivatsan2020,,2.0
11,Srivatsan,10.1016/j.cell.2020.08.013,Proteomics of human cell lines identifies drug targets and pathways,MCF7 BRCA cell line drug perturbation screen,MCF7,TAK-901 (934541-31-8),IGF1R,,,2,,Srivatsan,N,Srivatsan2020,,2.0
12,Srivatsan,10.1016/j.cell.2020.08.013,Proteomics of human cell lines identifies drug targets and pathways,MCF7 BRCA cell line drug perturbation screen,MCF7,TAK-901 (934541-31-8),PRKDC,,,0,,Srivatsan,N,Srivatsan2020,,0.0
13,Srivatsan,10.1016/j.cell.2020.08.013,Proteomics of human cell lines identifies drug targets and pathways,MCF7 BRCA cell line drug perturbation screen,MCF7,Trametinib (GSK1120212) (871700-17-3),EGFR,basal,1.0,,basal,Srivatsan,N,Srivatsan2020,,1.0
14,Srivatsan,10.1016/j.cell.2020.08.013,Proteomics of human cell lines identifies drug targets and pathways,MCF7 BRCA cell line drug perturbation screen,MCF7,Trametinib (GSK1120212) (871700-17-3),PIK3CA,basal,2.0,,basal,Srivatsan,N,Srivatsan2020,,2.0
15,Srivatsan,10.1016/j.cell.2020.08.013,Proteomics of human cell lines identifies drug targets and pathways,MCF7 BRCA cell line drug perturbation screen,MCF7,Trametinib (GSK1120212) (871700-17-3),CDKN2A,basal,0.0,,basal,Srivatsan,N,Srivatsan2020,,0.0
16,Srivatsan,10.1016/j.cell.2020.08.013,Proteomics of human cell lines identifies drug targets and pathways,MCF7 BRCA cell line drug perturbation screen,MCF7,Trametinib (GSK1120212) (871700-17-3),MAP2K1,Drug,0,,INHIBITOR,Srivatsan,N,Srivatsan2020,,0.0
17,Srivatsan,10.1016/j.cell.2020.08.013,Proteomics of human cell lines identifies drug targets and pathways,MCF7 BRCA cell line drug perturbation screen,MCF7,Trametinib (GSK1120212) (871700-17-3),HSP90AA1,,,0,,Srivatsan,N,Srivatsan2020,,0.0
18,Srivatsan,10.1016/j.cell.2020.08.013,Proteomics of human cell lines identifies drug targets and pathways,MCF7 BRCA cell line drug perturbation screen,MCF7,Trametinib (GSK1120212) (871700-17-3),PGR,,,2,,Srivatsan,N,Srivatsan2020,,2.0
19,Srivatsan,10.1016/j.cell.2020.08.013,Proteomics of human cell lines identifies drug targets and pathways,MCF7 BRCA cell line drug perturbation screen,MCF7,Trametinib (GSK1120212) (871700-17-3),ESR1,,,2,,Srivatsan,N,Srivatsan2020,,2.0
20,Srivatsan,10.1016/j.cell.2020.08.013,Proteomics of human cell lines identifies drug targets and pathways,MCF7 BRCA cell line drug perturbation screen,MCF7,Trametinib (GSK1120212) (871700-17-3),JAK2,,,2,,Srivatsan,N,Srivatsan2020,,2.0
21,Srivatsan,10.1016/j.cell.2020.08.013,Proteomics of human cell lines identifies drug targets and pathways,MCF7 BRCA cell line drug perturbation screen,MCF7,Trametinib (GSK1120212) (871700-17-3),RPS6KB1,,,0,,Srivatsan,N,Srivatsan2020,,0.0
22,Srivatsan,10.1016/j.cell.2020.08.013,Proteomics of human cell lines identifies drug targets and pathways,MCF7 BRCA cell line drug perturbation screen,MCF7,Trametinib (GSK1120212) (871700-17-3),CCND1,,,0,,Srivatsan,N,Srivatsan2020,,0.0
23,Srivatsan,10.1016/j.cell.2020.08.013,Proteomics of human cell lines identifies drug targets and pathways,MCF7 BRCA cell line drug perturbation screen,MCF7,Trametinib (GSK1120212) (871700-17-3),HES1,,,0,,Srivatsan,N,Srivatsan2020,,0.0
24,Srivatsan,10.1016/j.cell.2020.08.013,Proteomics of human cell lines identifies drug targets and pathways,MCF7 BRCA cell line drug perturbation screen,MCF7,Trametinib (GSK1120212) (871700-17-3),ADCY1,,,2,,Srivatsan,N,Srivatsan2020,,2.0
25,Srivatsan,10.1016/j.cell.2020.08.013,Proteomics of human cell lines identifies drug targets and pathways,MCF7 BRCA cell line drug perturbation screen,MCF7,Trametinib (GSK1120212) (871700-17-3),GPER1,,,2,,Srivatsan,N,Srivatsan2020,,2.0
26,Srivatsan,10.1016/j.cell.2020.08.013,Proteomics of human cell lines identifies drug targets and pathways,MCF7 BRCA cell line drug perturbation screen,MCF7,Trametinib (GSK1120212) (871700-17-3),PRKDC,,,0,,Srivatsan,N,Srivatsan2020,,0.0
27,Srivatsan,10.1016/j.cell.2020.08.013,Proteomics of human cell lines identifies drug targets and pathways,MCF7 BRCA cell line drug perturbation screen,MCF7,Dasatinib (302962-49-8),EGFR,basal,1.0,,basal,Srivatsan,N,Srivatsan2020,,1.0
28,Srivatsan,10.1016/j.cell.2020.08.013,Proteomics of human cell lines identifies drug targets and pathways,MCF7 BRCA cell line drug perturbation screen,MCF7,Dasatinib (302962-49-8),PIK3CA,basal,2.0,,basal,Srivatsan,N,Srivatsan2020,,2.0
29,Srivatsan,10.1016/j.cell.2020.08.013,Proteomics of human cell lines identifies drug targets and pathways,MCF7 BRCA cell line drug perturbation screen,MCF7,Dasatinib (302962-49-8),CDKN2A,basal,0.0,,basal,Srivatsan,N,Srivatsan2020,,0.0
30,Srivatsan,10.1016/j.cell.2020.08.013,Proteomics of human cell lines identifies drug targets and pathways,MCF7 BRCA cell line drug perturbation screen,MCF7,Dasatinib (302962-49-8),ABL1,Drug,0,,INHIBITOR,Srivatsan,N,Srivatsan2020,,0.0
31,Srivatsan,10.1016/j.cell.2020.08.013,Proteomics of human cell lines identifies drug targets and pathways,MCF7 BRCA cell line drug perturbation screen,MCF7,Dasatinib (302962-49-8),KIT,Drug,0,,INHIBITOR,Srivatsan,N,Srivatsan2020,,0.0
32,Srivatsan,10.1016/j.cell.2020.08.013,Proteomics of human cell lines identifies drug targets and pathways,MCF7 BRCA cell line drug perturbation screen,MCF7,Dasatinib (302962-49-8),PDGFRB,Drug,0,,INHIBITOR,Srivatsan,N,Srivatsan2020,,0.0
33,Srivatsan,10.1016/j.cell.2020.08.013,Proteomics of human cell lines identifies drug targets and pathways,MCF7 BRCA cell line drug perturbation screen,MCF7,Dasatinib (302962-49-8),SRC,Drug,0,,INHIBITOR,Srivatsan,N,Srivatsan2020,,0.0
34,Srivatsan,10.1016/j.cell.2020.08.013,Proteomics of human cell lines identifies drug targets and pathways,MCF7 BRCA cell line drug perturbation screen,MCF7,Dasatinib (302962-49-8),PKM,,,0,,Srivatsan,N,Srivatsan2020,,0.0
35,Srivatsan,10.1016/j.cell.2020.08.013,Proteomics of human cell lines identifies drug targets and pathways,MCF7 BRCA cell line drug perturbation screen,MCF7,Dasatinib (302962-49-8),HSP90AA1,,,0,,Srivatsan,N,Srivatsan2020,,0.0
36,Srivatsan,10.1016/j.cell.2020.08.013,Proteomics of human cell lines identifies drug targets and pathways,MCF7 BRCA cell line drug perturbation screen,MCF7,Dasatinib (302962-49-8),PGR,,,2,,Srivatsan,N,Srivatsan2020,,2.0
37,Srivatsan,10.1016/j.cell.2020.08.013,Proteomics of human cell lines identifies drug targets and pathways,MCF7 BRCA cell line drug perturbation screen,MCF7,Dasatinib (302962-49-8),ESR1,,,2,,Srivatsan,N,Srivatsan2020,,2.0
38,Srivatsan,10.1016/j.cell.2020.08.013,Proteomics of human cell lines identifies drug targets and pathways,MCF7 BRCA cell line drug perturbation screen,MCF7,Dasatinib (302962-49-8),JAK2,,,2,,Srivatsan,N,Srivatsan2020,,2.0
39,Srivatsan,10.1016/j.cell.2020.08.013,Proteomics of human cell lines identifies drug targets and pathways,MCF7 BRCA cell line drug perturbation screen,MCF7,Dasatinib (302962-49-8),CCND1,,,0,,Srivatsan,N,Srivatsan2020,,0.0
40,Srivatsan,10.1016/j.cell.2020.08.013,Proteomics of human cell lines identifies drug targets and pathways,MCF7 BRCA cell line drug perturbation screen,MCF7,Dasatinib (302962-49-8),IGF1R,,,2,,Srivatsan,N,Srivatsan2020,,2.0
41,Srivatsan,10.1016/j.cell.2020.08.013,Proteomics of human cell lines identifies drug targets and pathways,MCF7 BRCA cell line drug perturbation screen,MCF7,Dasatinib (302962-49-8),RET,,,2,,Srivatsan,N,Srivatsan2020,,2.0
42,Srivatsan,10.1016/j.cell.2020.08.013,Proteomics of human cell lines identifies drug targets and pathways,MCF7 BRCA cell line drug perturbation screen,MCF7,Dasatinib (302962-49-8),PRKDC,,,0,,Srivatsan,N,Srivatsan2020,,0.0
43,Srivatsan,10.1016/j.cell.2020.08.013,Proteomics of human cell lines identifies drug targets and pathways,MCF7 BRCA cell line drug perturbation screen,MCF7,Gandotinib (LY2784544) (1229236-86-5),EGFR,basal,1.0,,basal,Srivatsan,N,Srivatsan2020,,1.0
44,Srivatsan,10.1016/j.cell.2020.08.013,Proteomics of human cell lines identifies drug targets and pathways,MCF7 BRCA cell line drug perturbation screen,MCF7,Gandotinib (LY2784544) (1229236-86-5),PIK3CA,basal,2.0,,basal,Srivatsan,N,Srivatsan2020,,2.0
45,Srivatsan,10.1016/j.cell.2020.08.013,Proteomics of human cell lines identifies drug targets and pathways,MCF7 BRCA cell line drug perturbation screen,MCF7,Gandotinib (LY2784544) (1229236-86-5),CDKN2A,basal,0.0,,basal,Srivatsan,N,Srivatsan2020,,0.0
46,Srivatsan,10.1016/j.cell.2020.08.013,Proteomics of human cell lines identifies drug targets and pathways,MCF7 BRCA cell line drug perturbation screen,MCF7,Gandotinib (LY2784544) (1229236-86-5),JAK2,Drug,0,,INHIBITOR,Srivatsan,N,Srivatsan2020,,0.0
47,Srivatsan,10.1016/j.cell.2020.08.013,Proteomics of human cell lines identifies drug targets and pathways,MCF7 BRCA cell line drug perturbation screen,MCF7,Gandotinib (LY2784544) (1229236-86-5),EIF2AK2,,,0,,Srivatsan,N,Srivatsan2020,,0.0
48,Srivatsan,10.1016/j.cell.2020.08.013,Proteomics of human cell lines identifies drug targets and pathways,MCF7 BRCA cell line drug perturbation screen,MCF7,Gandotinib (LY2784544) (1229236-86-5),CCND1,,,0,,Srivatsan,N,Srivatsan2020,,0.0
49,Srivatsan,10.1016/j.cell.2020.08.013,Proteomics of human cell lines identifies drug targets and pathways,MCF7 BRCA cell line drug perturbation screen,MCF7,Toremifene Citrate (89778-27-8),EGFR,basal,1.0,,basal,Srivatsan,N,Srivatsan2020,,1.0
50,Srivatsan,10.1016/j.cell.2020.08.013,Proteomics of human cell lines identifies drug targets and pathways,MCF7 BRCA cell line drug perturbation screen,MCF7,Toremifene Citrate (89778-27-8),PIK3CA,basal,2.0,,basal,Srivatsan,N,Srivatsan2020,,2.0
51,Srivatsan,10.1016/j.cell.2020.08.013,Proteomics of human cell lines identifies drug targets and pathways,MCF7 BRCA cell line drug perturbation screen,MCF7,Toremifene Citrate (89778-27-8),CDKN2A,basal,0.0,,basal,Srivatsan,N,Srivatsan2020,,0.0
52,Srivatsan,10.1016/j.cell.2020.08.013,Proteomics of human cell lines identifies drug targets and pathways,MCF7 BRCA cell line drug perturbation screen,MCF7,Toremifene Citrate (89778-27-8),ESR1,Drug,0,,MODULATOR,Srivatsan,N,Srivatsan2020,,0.0
53,Srivatsan,10.1016/j.cell.2020.08.013,Proteomics of human cell lines identifies drug targets and pathways,MCF7 BRCA cell line drug perturbation screen,MCF7,Toremifene Citrate (89778-27-8),CCND1,,,0,,Srivatsan,N,Srivatsan2020,,0.0
54,Srivatsan,10.1016/j.cell.2020.08.013,Proteomics of human cell lines identifies drug targets and pathways,MCF7 BRCA cell line drug perturbation screen,MCF7,Ruxolitinib (INCB018424) (941678-49-5),EGFR,basal,1.0,,basal,Srivatsan,N,Srivatsan2020,,1.0
55,Srivatsan,10.1016/j.cell.2020.08.013,Proteomics of human cell lines identifies drug targets and pathways,MCF7 BRCA cell line drug perturbation screen,MCF7,Ruxolitinib (INCB018424) (941678-49-5),PIK3CA,basal,2.0,,basal,Srivatsan,N,Srivatsan2020,,2.0
56,Srivatsan,10.1016/j.cell.2020.08.013,Proteomics of human cell lines identifies drug targets and pathways,MCF7 BRCA cell line drug perturbation screen,MCF7,Ruxolitinib (INCB018424) (941678-49-5),CDKN2A,basal,0.0,,basal,Srivatsan,N,Srivatsan2020,,0.0
57,Srivatsan,10.1016/j.cell.2020.08.013,Proteomics of human cell lines identifies drug targets and pathways,MCF7 BRCA cell line drug perturbation screen,MCF7,Ruxolitinib (INCB018424) (941678-49-5),JAK2,Drug,0,,INHIBITOR,Srivatsan,N,Srivatsan2020,,0.0
58,Srivatsan,10.1016/j.cell.2020.08.013,Proteomics of human cell lines identifies drug targets and pathways,MCF7 BRCA cell line drug perturbation screen,MCF7,Ruxolitinib (INCB018424) (941678-49-5),EIF2AK2,,,0,,Srivatsan,N,Srivatsan2020,,0.0
59,Srivatsan,10.1016/j.cell.2020.08.013,Proteomics of human cell lines identifies drug targets and pathways,MCF7 BRCA cell line drug perturbation screen,MCF7,Ruxolitinib (INCB018424) (941678-49-5),ESR1,,,0,,Srivatsan,N,Srivatsan2020,,0.0
60,Srivatsan,10.1016/j.cell.2020.08.013,Proteomics of human cell lines identifies drug targets and pathways,MCF7 BRCA cell line drug perturbation screen,MCF7,BMS-754807 (1001350-96-4),EGFR,basal,1.0,,basal,Srivatsan,N,Srivatsan2020,,1.0
61,Srivatsan,10.1016/j.cell.2020.08.013,Proteomics of human cell lines identifies drug targets and pathways,MCF7 BRCA cell line drug perturbation screen,MCF7,BMS-754807 (1001350-96-4),PIK3CA,basal,2.0,,basal,Srivatsan,N,Srivatsan2020,,2.0
62,Srivatsan,10.1016/j.cell.2020.08.013,Proteomics of human cell lines identifies drug targets and pathways,MCF7 BRCA cell line drug perturbation screen,MCF7,BMS-754807 (1001350-96-4),CDKN2A,basal,0.0,,basal,Srivatsan,N,Srivatsan2020,,0.0
63,Srivatsan,10.1016/j.cell.2020.08.013,Proteomics of human cell lines identifies drug targets and pathways,MCF7 BRCA cell line drug perturbation screen,MCF7,BMS-754807 (1001350-96-4),IGF1R,Drug,0,,INHIBITOR,Srivatsan,N,Srivatsan2020,,0.0
64,Srivatsan,10.1016/j.cell.2020.08.013,Proteomics of human cell lines identifies drug targets and pathways,MCF7 BRCA cell line drug perturbation screen,MCF7,BMS-754807 (1001350-96-4),PKM,,,0,,Srivatsan,N,Srivatsan2020,,0.0
65,Srivatsan,10.1016/j.cell.2020.08.013,Proteomics of human cell lines identifies drug targets and pathways,MCF7 BRCA cell line drug perturbation screen,MCF7,KW-2449 (1000669-72-6),EGFR,basal,1.0,,basal,Srivatsan,N,Srivatsan2020,,1.0
66,Srivatsan,10.1016/j.cell.2020.08.013,Proteomics of human cell lines identifies drug targets and pathways,MCF7 BRCA cell line drug perturbation screen,MCF7,KW-2449 (1000669-72-6),PIK3CA,basal,2.0,,basal,Srivatsan,N,Srivatsan2020,,2.0
67,Srivatsan,10.1016/j.cell.2020.08.013,Proteomics of human cell lines identifies drug targets and pathways,MCF7 BRCA cell line drug perturbation screen,MCF7,KW-2449 (1000669-72-6),CDKN2A,basal,0.0,,basal,Srivatsan,N,Srivatsan2020,,0.0
68,Srivatsan,10.1016/j.cell.2020.08.013,Proteomics of human cell lines identifies drug targets and pathways,MCF7 BRCA cell line drug perturbation screen,MCF7,KW-2449 (1000669-72-6),ABL1,Drug,0,,INHIBITOR,Srivatsan,N,Srivatsan2020,,0.0
69,Srivatsan,10.1016/j.cell.2020.08.013,Proteomics of human cell lines identifies drug targets and pathways,MCF7 BRCA cell line drug perturbation screen,MCF7,KW-2449 (1000669-72-6),AURKB,Drug,0,,INHIBITOR,Srivatsan,N,Srivatsan2020,,0.0
70,Srivatsan,10.1016/j.cell.2020.08.013,Proteomics of human cell lines identifies drug targets and pathways,MCF7 BRCA cell line drug perturbation screen,MCF7,KW-2449 (1000669-72-6),PKM,,,0,,Srivatsan,N,Srivatsan2020,,0.0
71,Srivatsan,10.1016/j.cell.2020.08.013,Proteomics of human cell lines identifies drug targets and pathways,MCF7 BRCA cell line drug perturbation screen,MCF7,KW-2449 (1000669-72-6),HSP90AA1,,,0,,Srivatsan,N,Srivatsan2020,,0.0
72,Srivatsan,10.1016/j.cell.2020.08.013,Proteomics of human cell lines identifies drug targets and pathways,MCF7 BRCA cell line drug perturbation screen,MCF7,KW-2449 (1000669-72-6),JAG1,,,2,,Srivatsan,N,Srivatsan2020,,2.0
73,Srivatsan,10.1016/j.cell.2020.08.013,Proteomics of human cell lines identifies drug targets and pathways,MCF7 BRCA cell line drug perturbation screen,MCF7,KW-2449 (1000669-72-6),CCND1,,,0,,Srivatsan,N,Srivatsan2020,,0.0
74,Srivatsan,10.1016/j.cell.2020.08.013,Proteomics of human cell lines identifies drug targets and pathways,MCF7 BRCA cell line drug perturbation screen,MCF7,KW-2449 (1000669-72-6),PRKDC,,,0,,Srivatsan,N,Srivatsan2020,,0.0
75,Srivatsan,10.1016/j.cell.2020.08.013,Proteomics of human cell lines identifies drug targets and pathways,MCF7 BRCA cell line drug perturbation screen,MCF7,CYC116 (693228-63-6),EGFR,basal,1.0,,basal,Srivatsan,N,Srivatsan2020,,1.0
76,Srivatsan,10.1016/j.cell.2020.08.013,Proteomics of human cell lines identifies drug targets and pathways,MCF7 BRCA cell line drug perturbation screen,MCF7,CYC116 (693228-63-6),PIK3CA,basal,2.0,,basal,Srivatsan,N,Srivatsan2020,,2.0
77,Srivatsan,10.1016/j.cell.2020.08.013,Proteomics of human cell lines identifies drug targets and pathways,MCF7 BRCA cell line drug perturbation screen,MCF7,CYC116 (693228-63-6),CDKN2A,basal,0.0,,basal,Srivatsan,N,Srivatsan2020,,0.0
78,Srivatsan,10.1016/j.cell.2020.08.013,Proteomics of human cell lines identifies drug targets and pathways,MCF7 BRCA cell line drug perturbation screen,MCF7,CYC116 (693228-63-6),AURKB,Drug,0,,INHIBITOR,Srivatsan,N,Srivatsan2020,,0.0
79,Srivatsan,10.1016/j.cell.2020.08.013,Proteomics of human cell lines identifies drug targets and pathways,MCF7 BRCA cell line drug perturbation screen,MCF7,CYC116 (693228-63-6),PKM,,,0,,Srivatsan,N,Srivatsan2020,,0.0
80,Srivatsan,10.1016/j.cell.2020.08.013,Proteomics of human cell lines identifies drug targets and pathways,MCF7 BRCA cell line drug perturbation screen,MCF7,CYC116 (693228-63-6),IGF1R,,,2,,Srivatsan,N,Srivatsan2020,,2.0
81,Srivatsan,10.1016/j.cell.2020.08.013,Proteomics of human cell lines identifies drug targets and pathways,MCF7 BRCA cell line drug perturbation screen,MCF7,CUDC-101 (1012054-59-9),PIK3CA,basal,2.0,,basal,Srivatsan,N,Srivatsan2020,,2.0
82,Srivatsan,10.1016/j.cell.2020.08.013,Proteomics of human cell lines identifies drug targets and pathways,MCF7 BRCA cell line drug perturbation screen,MCF7,CUDC-101 (1012054-59-9),CDKN2A,basal,0.0,,basal,Srivatsan,N,Srivatsan2020,,0.0
83,Srivatsan,10.1016/j.cell.2020.08.013,Proteomics of human cell lines identifies drug targets and pathways,MCF7 BRCA cell line drug perturbation screen,MCF7,CUDC-101 (1012054-59-9),EGFR,Drug,0,,INHIBITOR,Srivatsan,N,Srivatsan2020,,0.0
84,Srivatsan,10.1016/j.cell.2020.08.013,Proteomics of human cell lines identifies drug targets and pathways,MCF7 BRCA cell line drug perturbation screen,MCF7,CUDC-101 (1012054-59-9),ERBB2,Drug,0,,INHIBITOR,Srivatsan,N,Srivatsan2020,,0.0
85,Srivatsan,10.1016/j.cell.2020.08.013,Proteomics of human cell lines identifies drug targets and pathways,MCF7 BRCA cell line drug perturbation screen,MCF7,CUDC-101 (1012054-59-9),GSK3B,,,2,,Srivatsan,N,Srivatsan2020,,2.0
86,Srivatsan,10.1016/j.cell.2020.08.013,Proteomics of human cell lines identifies drug targets and pathways,MCF7 BRCA cell line drug perturbation screen,MCF7,CUDC-101 (1012054-59-9),CCND1,,,0,,Srivatsan,N,Srivatsan2020,,0.0
87,Srivatsan,10.1016/j.cell.2020.08.013,Proteomics of human cell lines identifies drug targets and pathways,MCF7 BRCA cell line drug perturbation screen,MCF7,CUDC-101 (1012054-59-9),TP53,,,0,,Srivatsan,N,Srivatsan2020,,0.0
88,Srivatsan,10.1016/j.cell.2020.08.013,Proteomics of human cell lines identifies drug targets and pathways,MCF7 BRCA cell line drug perturbation screen,MCF7,CUDC-101 (1012054-59-9),PRKDC,,,0,,Srivatsan,N,Srivatsan2020,,0.0
89,Srivatsan,10.1016/j.cell.2020.08.013,Proteomics of human cell lines identifies drug targets and pathways,MCF7 BRCA cell line drug perturbation screen,MCF7,Nilotinib (AMN-107) (641571-10-0),EGFR,basal,1.0,,basal,Srivatsan,N,Srivatsan2020,,1.0
90,Srivatsan,10.1016/j.cell.2020.08.013,Proteomics of human cell lines identifies drug targets and pathways,MCF7 BRCA cell line drug perturbation screen,MCF7,Nilotinib (AMN-107) (641571-10-0),PIK3CA,basal,2.0,,basal,Srivatsan,N,Srivatsan2020,,2.0
91,Srivatsan,10.1016/j.cell.2020.08.013,Proteomics of human cell lines identifies drug targets and pathways,MCF7 BRCA cell line drug perturbation screen,MCF7,Nilotinib (AMN-107) (641571-10-0),CDKN2A,basal,0.0,,basal,Srivatsan,N,Srivatsan2020,,0.0
92,Srivatsan,10.1016/j.cell.2020.08.013,Proteomics of human cell lines identifies drug targets and pathways,MCF7 BRCA cell line drug perturbation screen,MCF7,Nilotinib (AMN-107) (641571-10-0),ABL1,Drug,0,,INHIBITOR,Srivatsan,N,Srivatsan2020,,0.0
93,Srivatsan,10.1016/j.cell.2020.08.013,Proteomics of human cell lines identifies drug targets and pathways,MCF7 BRCA cell line drug perturbation screen,MCF7,Nilotinib (AMN-107) (641571-10-0),CCND1,,,2,,Srivatsan,N,Srivatsan2020,,2.0
94,Srivatsan,10.1016/j.cell.2020.08.013,Proteomics of human cell lines identifies drug targets and pathways,MCF7 BRCA cell line drug perturbation screen,MCF7,"Tozasertib (VX-680, MK-0457) (639089-54-6)",EGFR,basal,1.0,,basal,Srivatsan,N,Srivatsan2020,,1.0
95,Srivatsan,10.1016/j.cell.2020.08.013,Proteomics of human cell lines identifies drug targets and pathways,MCF7 BRCA cell line drug perturbation screen,MCF7,"Tozasertib (VX-680, MK-0457) (639089-54-6)",PIK3CA,basal,2.0,,basal,Srivatsan,N,Srivatsan2020,,2.0
96,Srivatsan,10.1016/j.cell.2020.08.013,Proteomics of human cell lines identifies drug targets and pathways,MCF7 BRCA cell line drug perturbation screen,MCF7,"Tozasertib (VX-680, MK-0457) (639089-54-6)",CDKN2A,basal,0.0,,basal,Srivatsan,N,Srivatsan2020,,0.0
97,Srivatsan,10.1016/j.cell.2020.08.013,Proteomics of human cell lines identifies drug targets and pathways,MCF7 BRCA cell line drug perturbation screen,MCF7,"Tozasertib (VX-680, MK-0457) (639089-54-6)",AURKB,Drug,0,,INHIBITOR,Srivatsan,N,Srivatsan2020,,0.0
98,Srivatsan,10.1016/j.cell.2020.08.013,Proteomics of human cell lines identifies drug targets and pathways,MCF7 BRCA cell line drug perturbation screen,MCF7,"Tozasertib (VX-680, MK-0457) (639089-54-6)",CDKN1A,,,2,,Srivatsan,N,Srivatsan2020,,2.0
99,Srivatsan,10.1016/j.cell.2020.08.013,Proteomics of human cell lines identifies drug targets and pathways,MCF7 BRCA cell line drug perturbation screen,MCF7,AMG-900 (945595-80-2),EGFR,basal,1.0,,basal,Srivatsan,N,Srivatsan2020,,1.0
100,Srivatsan,10.1016/j.cell.2020.08.013,Proteomics of human cell lines identifies drug targets and pathways,MCF7 BRCA cell line drug perturbation screen,MCF7,AMG-900 (945595-80-2),PIK3CA,basal,2.0,,basal,Srivatsan,N,Srivatsan2020,,2.0
101,Srivatsan,10.1016/j.cell.2020.08.013,Proteomics of human cell lines identifies drug targets and pathways,MCF7 BRCA cell line drug perturbation screen,MCF7,AMG-900 (945595-80-2),CDKN2A,basal,0.0,,basal,Srivatsan,N,Srivatsan2020,,0.0
102,Srivatsan,10.1016/j.cell.2020.08.013,Proteomics of human cell lines identifies drug targets and pathways,MCF7 BRCA cell line drug perturbation screen,MCF7,AMG-900 (945595-80-2),AURKB,Drug,0,,INHIBITOR,Srivatsan,N,Srivatsan2020,,0.0
103,Srivatsan,10.1016/j.cell.2020.08.013,Proteomics of human cell lines identifies drug targets and pathways,MCF7 BRCA cell line drug perturbation screen,MCF7,AMG-900 (945595-80-2),ESR1,,,0,,Srivatsan,N,Srivatsan2020,,0.0
104,Srivatsan,10.1016/j.cell.2020.08.013,Proteomics of human cell lines identifies drug targets and pathways,MCF7 BRCA cell line drug perturbation screen,MCF7,AMG-900 (945595-80-2),CDKN1A,,,2,,Srivatsan,N,Srivatsan2020,,2.0
105,Srivatsan,10.1016/j.cell.2020.08.013,Proteomics of human cell lines identifies drug targets and pathways,MCF7 BRCA cell line drug perturbation screen,MCF7,AMG-900 (945595-80-2),ADCY1,,,0,,Srivatsan,N,Srivatsan2020,,0.0
106,Srivatsan,10.1016/j.cell.2020.08.013,Proteomics of human cell lines identifies drug targets and pathways,MCF7 BRCA cell line drug perturbation screen,MCF7,Danusertib (PHA-739358) (827318-97-8),EGFR,basal,1.0,,basal,Srivatsan,N,Srivatsan2020,,1.0
107,Srivatsan,10.1016/j.cell.2020.08.013,Proteomics of human cell lines identifies drug targets and pathways,MCF7 BRCA cell line drug perturbation screen,MCF7,Danusertib (PHA-739358) (827318-97-8),PIK3CA,basal,2.0,,basal,Srivatsan,N,Srivatsan2020,,2.0
108,Srivatsan,10.1016/j.cell.2020.08.013,Proteomics of human cell lines identifies drug targets and pathways,MCF7 BRCA cell line drug perturbation screen,MCF7,Danusertib (PHA-739358) (827318-97-8),CDKN2A,basal,0.0,,basal,Srivatsan,N,Srivatsan2020,,0.0
109,Srivatsan,10.1016/j.cell.2020.08.013,Proteomics of human cell lines identifies drug targets and pathways,MCF7 BRCA cell line drug perturbation screen,MCF7,Danusertib (PHA-739358) (827318-97-8),AURKB,Drug,0,,INHIBITOR,Srivatsan,N,Srivatsan2020,,0.0
110,Srivatsan,10.1016/j.cell.2020.08.013,Proteomics of human cell lines identifies drug targets and pathways,MCF7 BRCA cell line drug perturbation screen,MCF7,Danusertib (PHA-739358) (827318-97-8),JAK2,,,2,,Srivatsan,N,Srivatsan2020,,2.0
111,Srivatsan,10.1016/j.cell.2020.08.013,Proteomics of human cell lines identifies drug targets and pathways,MCF7 BRCA cell line drug perturbation screen,MCF7,Danusertib (PHA-739358) (827318-97-8),CCND1,,,0,,Srivatsan,N,Srivatsan2020,,0.0
112,Srivatsan,10.1016/j.cell.2020.08.013,Proteomics of human cell lines identifies drug targets and pathways,MCF7 BRCA cell line drug perturbation screen,MCF7,Danusertib (PHA-739358) (827318-97-8),CDKN1A,,,2,,Srivatsan,N,Srivatsan2020,,2.0
113,Srivatsan,10.1016/j.cell.2020.08.013,Proteomics of human cell lines identifies drug targets and pathways,MCF7 BRCA cell line drug perturbation screen,MCF7,Danusertib (PHA-739358) (827318-97-8),ADCY1,,,0,,Srivatsan,N,Srivatsan2020,,0.0
114,Srivatsan,10.1016/j.cell.2020.08.013,Proteomics of human cell lines identifies drug targets and pathways,MCF7 BRCA cell line drug perturbation screen,MCF7,Danusertib (PHA-739358) (827318-97-8),PRKDC,,,0,,Srivatsan,N,Srivatsan2020,,0.0
115,Srivatsan,10.1016/j.cell.2020.08.013,Proteomics of human cell lines identifies drug targets and pathways,MCF7 BRCA cell line drug perturbation screen,MCF7,Pelitinib (EKB-569) (257933-82-7),PIK3CA,basal,2.0,,basal,Srivatsan,N,Srivatsan2020,,2.0
116,Srivatsan,10.1016/j.cell.2020.08.013,Proteomics of human cell lines identifies drug targets and pathways,MCF7 BRCA cell line drug perturbation screen,MCF7,Pelitinib (EKB-569) (257933-82-7),CDKN2A,basal,0.0,,basal,Srivatsan,N,Srivatsan2020,,0.0
117,Srivatsan,10.1016/j.cell.2020.08.013,Proteomics of human cell lines identifies drug targets and pathways,MCF7 BRCA cell line drug perturbation screen,MCF7,Pelitinib (EKB-569) (257933-82-7),EGFR,Drug,0,,INHIBITOR,Srivatsan,N,Srivatsan2020,,0.0
118,Srivatsan,10.1016/j.cell.2020.08.013,Proteomics of human cell lines identifies drug targets and pathways,MCF7 BRCA cell line drug perturbation screen,MCF7,Pelitinib (EKB-569) (257933-82-7),ESR1,,,2,,Srivatsan,N,Srivatsan2020,,2.0
119,Srivatsan,10.1016/j.cell.2020.08.013,Proteomics of human cell lines identifies drug targets and pathways,MCF7 BRCA cell line drug perturbation screen,MCF7,Pelitinib (EKB-569) (257933-82-7),JAK2,,,2,,Srivatsan,N,Srivatsan2020,,2.0
120,Srivatsan,10.1016/j.cell.2020.08.013,Proteomics of human cell lines identifies drug targets and pathways,MCF7 BRCA cell line drug perturbation screen,MCF7,Pelitinib (EKB-569) (257933-82-7),CCND1,,,0,,Srivatsan,N,Srivatsan2020,,0.0
121,Srivatsan,10.1016/j.cell.2020.08.013,Proteomics of human cell lines identifies drug targets and pathways,MCF7 BRCA cell line drug perturbation screen,MCF7,Pelitinib (EKB-569) (257933-82-7),PRKDC,,,0,,Srivatsan,N,Srivatsan2020,,0.0
122,Srivatsan,10.1016/j.cell.2020.08.013,Proteomics of human cell lines identifies drug targets and pathways,MCF7 BRCA cell line drug perturbation screen,MCF7,Momelotinib (CYT387) (1056634-68-4),EGFR,basal,1.0,,basal,Srivatsan,N,Srivatsan2020,,1.0
123,Srivatsan,10.1016/j.cell.2020.08.013,Proteomics of human cell lines identifies drug targets and pathways,MCF7 BRCA cell line drug perturbation screen,MCF7,Momelotinib (CYT387) (1056634-68-4),PIK3CA,basal,2.0,,basal,Srivatsan,N,Srivatsan2020,,2.0
124,Srivatsan,10.1016/j.cell.2020.08.013,Proteomics of human cell lines identifies drug targets and pathways,MCF7 BRCA cell line drug perturbation screen,MCF7,Momelotinib (CYT387) (1056634-68-4),CDKN2A,basal,0.0,,basal,Srivatsan,N,Srivatsan2020,,0.0
125,Srivatsan,10.1016/j.cell.2020.08.013,Proteomics of human cell lines identifies drug targets and pathways,MCF7 BRCA cell line drug perturbation screen,MCF7,Momelotinib (CYT387) (1056634-68-4),JAK2,Drug,0,,INHIBITOR,Srivatsan,N,Srivatsan2020,,0.0
126,Srivatsan,10.1016/j.cell.2020.08.013,Proteomics of human cell lines identifies drug targets and pathways,MCF7 BRCA cell line drug perturbation screen,MCF7,Momelotinib (CYT387) (1056634-68-4),EIF2AK2,,,0,,Srivatsan,N,Srivatsan2020,,0.0
127,Srivatsan,10.1016/j.cell.2020.08.013,Proteomics of human cell lines identifies drug targets and pathways,MCF7 BRCA cell line drug perturbation screen,MCF7,Momelotinib (CYT387) (1056634-68-4),HSP90AA1,,,0,,Srivatsan,N,Srivatsan2020,,0.0
128,Srivatsan,10.1016/j.cell.2020.08.013,Proteomics of human cell lines identifies drug targets and pathways,MCF7 BRCA cell line drug perturbation screen,MCF7,GSK1070916 (942918-07-2),EGFR,basal,1.0,,basal,Srivatsan,N,Srivatsan2020,,1.0
129,Srivatsan,10.1016/j.cell.2020.08.013,Proteomics of human cell lines identifies drug targets and pathways,MCF7 BRCA cell line drug perturbation screen,MCF7,GSK1070916 (942918-07-2),PIK3CA,basal,2.0,,basal,Srivatsan,N,Srivatsan2020,,2.0
130,Srivatsan,10.1016/j.cell.2020.08.013,Proteomics of human cell lines identifies drug targets and pathways,MCF7 BRCA cell line drug perturbation screen,MCF7,GSK1070916 (942918-07-2),CDKN2A,basal,0.0,,basal,Srivatsan,N,Srivatsan2020,,0.0
131,Srivatsan,10.1016/j.cell.2020.08.013,Proteomics of human cell lines identifies drug targets and pathways,MCF7 BRCA cell line drug perturbation screen,MCF7,GSK1070916 (942918-07-2),AURKB,Drug,0,,INHIBITOR,Srivatsan,N,Srivatsan2020,,0.0
132,Srivatsan,10.1016/j.cell.2020.08.013,Proteomics of human cell lines identifies drug targets and pathways,MCF7 BRCA cell line drug perturbation screen,MCF7,GSK1070916 (942918-07-2),PKM,,,0,,Srivatsan,N,Srivatsan2020,,0.0
133,Srivatsan,10.1016/j.cell.2020.08.013,Proteomics of human cell lines identifies drug targets and pathways,MCF7 BRCA cell line drug perturbation screen,MCF7,GSK1070916 (942918-07-2),HES1,,,2,,Srivatsan,N,Srivatsan2020,,2.0
134,Srivatsan,10.1016/j.cell.2020.08.013,Proteomics of human cell lines identifies drug targets and pathways,MCF7 BRCA cell line drug perturbation screen,MCF7,GSK1070916 (942918-07-2),CDKN1A,,,2,,Srivatsan,N,Srivatsan2020,,2.0
135,Srivatsan,10.1016/j.cell.2020.08.013,Proteomics of human cell lines identifies drug targets and pathways,MCF7 BRCA cell line drug perturbation screen,MCF7,GSK1070916 (942918-07-2),IGF1R,,,2,,Srivatsan,N,Srivatsan2020,,2.0
136,Srivatsan,10.1016/j.cell.2020.08.013,Proteomics of human cell lines identifies drug targets and pathways,MCF7 BRCA cell line drug perturbation screen,MCF7,GSK1070916 (942918-07-2),ADCY1,,,0,,Srivatsan,N,Srivatsan2020,,0.0
137,Srivatsan,10.1016/j.cell.2020.08.013,Proteomics of human cell lines identifies drug targets and pathways,MCF7 BRCA cell line drug perturbation screen,MCF7,GSK1070916 (942918-07-2),PRKDC,,,0,,Srivatsan,N,Srivatsan2020,,0.0
138,Srivatsan,10.1016/j.cell.2020.08.013,Proteomics of human cell lines identifies drug targets and pathways,MCF7 BRCA cell line drug perturbation screen,MCF7,Vandetanib (ZD6474) (443913-73-3),PIK3CA,basal,2.0,,basal,Srivatsan,N,Srivatsan2020,,2.0
139,Srivatsan,10.1016/j.cell.2020.08.013,Proteomics of human cell lines identifies drug targets and pathways,MCF7 BRCA cell line drug perturbation screen,MCF7,Vandetanib (ZD6474) (443913-73-3),CDKN2A,basal,0.0,,basal,Srivatsan,N,Srivatsan2020,,0.0
140,Srivatsan,10.1016/j.cell.2020.08.013,Proteomics of human cell lines identifies drug targets and pathways,MCF7 BRCA cell line drug perturbation screen,MCF7,Vandetanib (ZD6474) (443913-73-3),EGFR,Drug,0,,INHIBITOR,Srivatsan,N,Srivatsan2020,,0.0
141,Srivatsan,10.1016/j.cell.2020.08.013,Proteomics of human cell lines identifies drug targets and pathways,MCF7 BRCA cell line drug perturbation screen,MCF7,Vandetanib (ZD6474) (443913-73-3),ERBB2,Drug,0,,INHIBITOR,Srivatsan,N,Srivatsan2020,,0.0
142,Srivatsan,10.1016/j.cell.2020.08.013,Proteomics of human cell lines identifies drug targets and pathways,MCF7 BRCA cell line drug perturbation screen,MCF7,Vandetanib (ZD6474) (443913-73-3),RET,Drug,0,,INHIBITOR,Srivatsan,N,Srivatsan2020,,0.0
143,Srivatsan,10.1016/j.cell.2020.08.013,Proteomics of human cell lines identifies drug targets and pathways,MCF7 BRCA cell line drug perturbation screen,MCF7,Vandetanib (ZD6474) (443913-73-3),SRC,Drug,0,,INHIBITOR,Srivatsan,N,Srivatsan2020,,0.0
144,Srivatsan,10.1016/j.cell.2020.08.013,Proteomics of human cell lines identifies drug targets and pathways,MCF7 BRCA cell line drug perturbation screen,MCF7,Vandetanib (ZD6474) (443913-73-3),HSP90AA1,,,0,,Srivatsan,N,Srivatsan2020,,0.0
145,Srivatsan,10.1016/j.cell.2020.08.013,Proteomics of human cell lines identifies drug targets and pathways,MCF7 BRCA cell line drug perturbation screen,MCF7,Vandetanib (ZD6474) (443913-73-3),ESR1,,,2,,Srivatsan,N,Srivatsan2020,,2.0
146,Srivatsan,10.1016/j.cell.2020.08.013,Proteomics of human cell lines identifies drug targets and pathways,MCF7 BRCA cell line drug perturbation screen,MCF7,Vandetanib (ZD6474) (443913-73-3),JAK2,,,2,,Srivatsan,N,Srivatsan2020,,2.0
147,Srivatsan,10.1016/j.cell.2020.08.013,Proteomics of human cell lines identifies drug targets and pathways,MCF7 BRCA cell line drug perturbation screen,MCF7,Vandetanib (ZD6474) (443913-73-3),CCND1,,,0,,Srivatsan,N,Srivatsan2020,,0.0
148,Srivatsan,10.1016/j.cell.2020.08.013,Proteomics of human cell lines identifies drug targets and pathways,MCF7 BRCA cell line drug perturbation screen,MCF7,Vandetanib (ZD6474) (443913-73-3),PRKDC,,,0,,Srivatsan,N,Srivatsan2020,,0.0
149,Srivatsan,10.1016/j.cell.2020.08.013,Proteomics of human cell lines identifies drug targets and pathways,MCF7 BRCA cell line drug perturbation screen,MCF7,Enzastaurin (LY317615) (170364-57-5),EGFR,basal,1.0,,basal,Srivatsan,N,Srivatsan2020,,1.0
150,Srivatsan,10.1016/j.cell.2020.08.013,Proteomics of human cell lines identifies drug targets and pathways,MCF7 BRCA cell line drug perturbation screen,MCF7,Enzastaurin (LY317615) (170364-57-5),PIK3CA,basal,2.0,,basal,Srivatsan,N,Srivatsan2020,,2.0
151,Srivatsan,10.1016/j.cell.2020.08.013,Proteomics of human cell lines identifies drug targets and pathways,MCF7 BRCA cell line drug perturbation screen,MCF7,Enzastaurin (LY317615) (170364-57-5),CDKN2A,basal,0.0,,basal,Srivatsan,N,Srivatsan2020,,0.0
152,Srivatsan,10.1016/j.cell.2020.08.013,Proteomics of human cell lines identifies drug targets and pathways,MCF7 BRCA cell line drug perturbation screen,MCF7,Enzastaurin (LY317615) (170364-57-5),PRKCB,Drug,0,,INHIBITOR,Srivatsan,N,Srivatsan2020,,0.0
153,Srivatsan,10.1016/j.cell.2020.08.013,Proteomics of human cell lines identifies drug targets and pathways,MCF7 BRCA cell line drug perturbation screen,MCF7,Enzastaurin (LY317615) (170364-57-5),PLCB1,,,2,,Srivatsan,N,Srivatsan2020,,2.0
154,Srivatsan,10.1016/j.cell.2020.08.013,Proteomics of human cell lines identifies drug targets and pathways,MCF7 BRCA cell line drug perturbation screen,MCF7,Enzastaurin (LY317615) (170364-57-5),LEF1,,,2,,Srivatsan,N,Srivatsan2020,,2.0
155,Srivatsan,10.1016/j.cell.2020.08.013,Proteomics of human cell lines identifies drug targets and pathways,MCF7 BRCA cell line drug perturbation screen,MCF7,"Fedratinib (SAR302503, TG101348) (936091-26-8)",EGFR,basal,1.0,,basal,Srivatsan,N,Srivatsan2020,,1.0
156,Srivatsan,10.1016/j.cell.2020.08.013,Proteomics of human cell lines identifies drug targets and pathways,MCF7 BRCA cell line drug perturbation screen,MCF7,"Fedratinib (SAR302503, TG101348) (936091-26-8)",PIK3CA,basal,2.0,,basal,Srivatsan,N,Srivatsan2020,,2.0
157,Srivatsan,10.1016/j.cell.2020.08.013,Proteomics of human cell lines identifies drug targets and pathways,MCF7 BRCA cell line drug perturbation screen,MCF7,"Fedratinib (SAR302503, TG101348) (936091-26-8)",CDKN2A,basal,0.0,,basal,Srivatsan,N,Srivatsan2020,,0.0
158,Srivatsan,10.1016/j.cell.2020.08.013,Proteomics of human cell lines identifies drug targets and pathways,MCF7 BRCA cell line drug perturbation screen,MCF7,"Fedratinib (SAR302503, TG101348) (936091-26-8)",JAK2,Drug,0,,INHIBITOR,Srivatsan,N,Srivatsan2020,,0.0
159,Srivatsan,10.1016/j.cell.2020.08.013,Proteomics of human cell lines identifies drug targets and pathways,MCF7 BRCA cell line drug perturbation screen,MCF7,"Fedratinib (SAR302503, TG101348) (936091-26-8)",EIF2AK2,,,0,,Srivatsan,N,Srivatsan2020,,0.0
160,Srivatsan,10.1016/j.cell.2020.08.013,Proteomics of human cell lines identifies drug targets and pathways,MCF7 BRCA cell line drug perturbation screen,MCF7,"Fedratinib (SAR302503, TG101348) (936091-26-8)",ESR1,,,0,,Srivatsan,N,Srivatsan2020,,0.0
161,Srivatsan,10.1016/j.cell.2020.08.013,Proteomics of human cell lines identifies drug targets and pathways,MCF7 BRCA cell line drug perturbation screen,MCF7,"Fedratinib (SAR302503, TG101348) (936091-26-8)",CCND1,,,0,,Srivatsan,N,Srivatsan2020,,0.0
162,Srivatsan,10.1016/j.cell.2020.08.013,Proteomics of human cell lines identifies drug targets and pathways,MCF7 BRCA cell line drug perturbation screen,MCF7,"Fedratinib (SAR302503, TG101348) (936091-26-8)",HES1,,,2,,Srivatsan,N,Srivatsan2020,,2.0
163,Srivatsan,10.1016/j.cell.2020.08.013,Proteomics of human cell lines identifies drug targets and pathways,MCF7 BRCA cell line drug perturbation screen,MCF7,"Fedratinib (SAR302503, TG101348) (936091-26-8)",ERBB2,,,2,,Srivatsan,N,Srivatsan2020,,2.0
164,Srivatsan,10.1016/j.cell.2020.08.013,Proteomics of human cell lines identifies drug targets and pathways,MCF7 BRCA cell line drug perturbation screen,MCF7,"Fedratinib (SAR302503, TG101348) (936091-26-8)",ADCY1,,,0,,Srivatsan,N,Srivatsan2020,,0.0
165,Srivatsan,10.1016/j.cell.2020.08.013,Proteomics of human cell lines identifies drug targets and pathways,MCF7 BRCA cell line drug perturbation screen,MCF7,CUDC-907 (1339928-25-4),EGFR,basal,1.0,,basal,Srivatsan,N,Srivatsan2020,,1.0
166,Srivatsan,10.1016/j.cell.2020.08.013,Proteomics of human cell lines identifies drug targets and pathways,MCF7 BRCA cell line drug perturbation screen,MCF7,CUDC-907 (1339928-25-4),CDKN2A,basal,0.0,,basal,Srivatsan,N,Srivatsan2020,,0.0
167,Srivatsan,10.1016/j.cell.2020.08.013,Proteomics of human cell lines identifies drug targets and pathways,MCF7 BRCA cell line drug perturbation screen,MCF7,CUDC-907 (1339928-25-4),PIK3CA,Drug,0,,INHIBITOR,Srivatsan,N,Srivatsan2020,,0.0
168,Srivatsan,10.1016/j.cell.2020.08.013,Proteomics of human cell lines identifies drug targets and pathways,MCF7 BRCA cell line drug perturbation screen,MCF7,CUDC-907 (1339928-25-4),PKM,,,0,,Srivatsan,N,Srivatsan2020,,0.0
169,Srivatsan,10.1016/j.cell.2020.08.013,Proteomics of human cell lines identifies drug targets and pathways,MCF7 BRCA cell line drug perturbation screen,MCF7,CUDC-907 (1339928-25-4),PGR,,,0,,Srivatsan,N,Srivatsan2020,,0.0
170,Srivatsan,10.1016/j.cell.2020.08.013,Proteomics of human cell lines identifies drug targets and pathways,MCF7 BRCA cell line drug perturbation screen,MCF7,CUDC-907 (1339928-25-4),GNAS,,,0,,Srivatsan,N,Srivatsan2020,,0.0
171,Srivatsan,10.1016/j.cell.2020.08.013,Proteomics of human cell lines identifies drug targets and pathways,MCF7 BRCA cell line drug perturbation screen,MCF7,CUDC-907 (1339928-25-4),ESR1,,,0,,Srivatsan,N,Srivatsan2020,,0.0
172,Srivatsan,10.1016/j.cell.2020.08.013,Proteomics of human cell lines identifies drug targets and pathways,MCF7 BRCA cell line drug perturbation screen,MCF7,CUDC-907 (1339928-25-4),JAK2,,,0,,Srivatsan,N,Srivatsan2020,,0.0
173,Srivatsan,10.1016/j.cell.2020.08.013,Proteomics of human cell lines identifies drug targets and pathways,MCF7 BRCA cell line drug perturbation screen,MCF7,CUDC-907 (1339928-25-4),ABL1,,,0,,Srivatsan,N,Srivatsan2020,,0.0
174,Srivatsan,10.1016/j.cell.2020.08.013,Proteomics of human cell lines identifies drug targets and pathways,MCF7 BRCA cell line drug perturbation screen,MCF7,CUDC-907 (1339928-25-4),JAG1,,,2,,Srivatsan,N,Srivatsan2020,,2.0
175,Srivatsan,10.1016/j.cell.2020.08.013,Proteomics of human cell lines identifies drug targets and pathways,MCF7 BRCA cell line drug perturbation screen,MCF7,CUDC-907 (1339928-25-4),RPS6KB1,,,0,,Srivatsan,N,Srivatsan2020,,0.0
176,Srivatsan,10.1016/j.cell.2020.08.013,Proteomics of human cell lines identifies drug targets and pathways,MCF7 BRCA cell line drug perturbation screen,MCF7,CUDC-907 (1339928-25-4),CCND1,,,0,,Srivatsan,N,Srivatsan2020,,0.0
177,Srivatsan,10.1016/j.cell.2020.08.013,Proteomics of human cell lines identifies drug targets and pathways,MCF7 BRCA cell line drug perturbation screen,MCF7,CUDC-907 (1339928-25-4),HES1,,,2,,Srivatsan,N,Srivatsan2020,,2.0
178,Srivatsan,10.1016/j.cell.2020.08.013,Proteomics of human cell lines identifies drug targets and pathways,MCF7 BRCA cell line drug perturbation screen,MCF7,CUDC-907 (1339928-25-4),RAF1,,,0,,Srivatsan,N,Srivatsan2020,,0.0
179,Srivatsan,10.1016/j.cell.2020.08.013,Proteomics of human cell lines identifies drug targets and pathways,MCF7 BRCA cell line drug perturbation screen,MCF7,CUDC-907 (1339928-25-4),RB1,,,0,,Srivatsan,N,Srivatsan2020,,0.0
180,Srivatsan,10.1016/j.cell.2020.08.013,Proteomics of human cell lines identifies drug targets and pathways,MCF7 BRCA cell line drug perturbation screen,MCF7,CUDC-907 (1339928-25-4),TP53,,,0,,Srivatsan,N,Srivatsan2020,,0.0
181,Srivatsan,10.1016/j.cell.2020.08.013,Proteomics of human cell lines identifies drug targets and pathways,MCF7 BRCA cell line drug perturbation screen,MCF7,CUDC-907 (1339928-25-4),AKT1,,,0,,Srivatsan,N,Srivatsan2020,,0.0
182,Srivatsan,10.1016/j.cell.2020.08.013,Proteomics of human cell lines identifies drug targets and pathways,MCF7 BRCA cell line drug perturbation screen,MCF7,CUDC-907 (1339928-25-4),PAK1,,,2,,Srivatsan,N,Srivatsan2020,,2.0
183,Srivatsan,10.1016/j.cell.2020.08.013,Proteomics of human cell lines identifies drug targets and pathways,MCF7 BRCA cell line drug perturbation screen,MCF7,CUDC-907 (1339928-25-4),GNAQ,,,0,,Srivatsan,N,Srivatsan2020,,0.0
184,Srivatsan,10.1016/j.cell.2020.08.013,Proteomics of human cell lines identifies drug targets and pathways,MCF7 BRCA cell line drug perturbation screen,MCF7,CUDC-907 (1339928-25-4),ADCY1,,,0,,Srivatsan,N,Srivatsan2020,,0.0
185,Srivatsan,10.1016/j.cell.2020.08.013,Proteomics of human cell lines identifies drug targets and pathways,MCF7 BRCA cell line drug perturbation screen,MCF7,CUDC-907 (1339928-25-4),RET,,,0,,Srivatsan,N,Srivatsan2020,,0.0
186,Srivatsan,10.1016/j.cell.2020.08.013,Proteomics of human cell lines identifies drug targets and pathways,MCF7 BRCA cell line drug perturbation screen,MCF7,CUDC-907 (1339928-25-4),STAT3,,,2,,Srivatsan,N,Srivatsan2020,,2.0
187,Srivatsan,10.1016/j.cell.2020.08.013,Proteomics of human cell lines identifies drug targets and pathways,MCF7 BRCA cell line drug perturbation screen,MCF7,CUDC-907 (1339928-25-4),PTPN1,,,2,,Srivatsan,N,Srivatsan2020,,2.0
188,Srivatsan,10.1016/j.cell.2020.08.013,Proteomics of human cell lines identifies drug targets and pathways,MCF7 BRCA cell line drug perturbation screen,MCF7,CUDC-907 (1339928-25-4),PRKDC,,,0,,Srivatsan,N,Srivatsan2020,,0.0
189,Srivatsan,10.1016/j.cell.2020.08.013,Proteomics of human cell lines identifies drug targets and pathways,MCF7 BRCA cell line drug perturbation screen,MCF7,"AZD1480 (935666-88-9, 1260222-79-4 (TFA))",EGFR,basal,1.0,,basal,Srivatsan,N,Srivatsan2020,,1.0
190,Srivatsan,10.1016/j.cell.2020.08.013,Proteomics of human cell lines identifies drug targets and pathways,MCF7 BRCA cell line drug perturbation screen,MCF7,"AZD1480 (935666-88-9, 1260222-79-4 (TFA))",PIK3CA,basal,2.0,,basal,Srivatsan,N,Srivatsan2020,,2.0
191,Srivatsan,10.1016/j.cell.2020.08.013,Proteomics of human cell lines identifies drug targets and pathways,MCF7 BRCA cell line drug perturbation screen,MCF7,"AZD1480 (935666-88-9, 1260222-79-4 (TFA))",CDKN2A,basal,0.0,,basal,Srivatsan,N,Srivatsan2020,,0.0
192,Srivatsan,10.1016/j.cell.2020.08.013,Proteomics of human cell lines identifies drug targets and pathways,MCF7 BRCA cell line drug perturbation screen,MCF7,"AZD1480 (935666-88-9, 1260222-79-4 (TFA))",JAK2,Drug,0,,INHIBITOR,Srivatsan,N,Srivatsan2020,,0.0
193,Srivatsan,10.1016/j.cell.2020.08.013,Proteomics of human cell lines identifies drug targets and pathways,MCF7 BRCA cell line drug perturbation screen,MCF7,"AZD1480 (935666-88-9, 1260222-79-4 (TFA))",EIF2AK2,,,0,,Srivatsan,N,Srivatsan2020,,0.0
194,Srivatsan,10.1016/j.cell.2020.08.013,Proteomics of human cell lines identifies drug targets and pathways,MCF7 BRCA cell line drug perturbation screen,MCF7,"AZD1480 (935666-88-9, 1260222-79-4 (TFA))",HSP90AA1,,,0,,Srivatsan,N,Srivatsan2020,,0.0
195,Srivatsan,10.1016/j.cell.2020.08.013,Proteomics of human cell lines identifies drug targets and pathways,MCF7 BRCA cell line drug perturbation screen,MCF7,"AZD1480 (935666-88-9, 1260222-79-4 (TFA))",JAK2,,,2,,Srivatsan,N,Srivatsan2020,,2.0
196,Srivatsan,10.1016/j.cell.2020.08.013,Proteomics of human cell lines identifies drug targets and pathways,MCF7 BRCA cell line drug perturbation screen,MCF7,"AZD1480 (935666-88-9, 1260222-79-4 (TFA))",CCND1,,,0,,Srivatsan,N,Srivatsan2020,,0.0
197,Srivatsan,10.1016/j.cell.2020.08.013,Proteomics of human cell lines identifies drug targets and pathways,MCF7 BRCA cell line drug perturbation screen,MCF7,"AZD1480 (935666-88-9, 1260222-79-4 (TFA))",HES1,,,2,,Srivatsan,N,Srivatsan2020,,2.0
198,Srivatsan,10.1016/j.cell.2020.08.013,Proteomics of human cell lines identifies drug targets and pathways,MCF7 BRCA cell line drug perturbation screen,MCF7,"AZD1480 (935666-88-9, 1260222-79-4 (TFA))",PRKDC,,,0,,Srivatsan,N,Srivatsan2020,,0.0
199,Srivatsan,10.1016/j.cell.2020.08.013,Proteomics of human cell lines identifies drug targets and pathways,MCF7 BRCA cell line drug perturbation screen,MCF7,Linifanib (ABT-869) (796967-16-3),EGFR,basal,1.0,,basal,Srivatsan,N,Srivatsan2020,,1.0
200,Srivatsan,10.1016/j.cell.2020.08.013,Proteomics of human cell lines identifies drug targets and pathways,MCF7 BRCA cell line drug perturbation screen,MCF7,Linifanib (ABT-869) (796967-16-3),PIK3CA,basal,2.0,,basal,Srivatsan,N,Srivatsan2020,,2.0
201,Srivatsan,10.1016/j.cell.2020.08.013,Proteomics of human cell lines identifies drug targets and pathways,MCF7 BRCA cell line drug perturbation screen,MCF7,Linifanib (ABT-869) (796967-16-3),CDKN2A,basal,0.0,,basal,Srivatsan,N,Srivatsan2020,,0.0
202,Srivatsan,10.1016/j.cell.2020.08.013,Proteomics of human cell lines identifies drug targets and pathways,MCF7 BRCA cell line drug perturbation screen,MCF7,Linifanib (ABT-869) (796967-16-3),PDGFRB,Drug,0,,INHIBITOR,Srivatsan,N,Srivatsan2020,,0.0
203,Srivatsan,10.1016/j.cell.2020.08.013,Proteomics of human cell lines identifies drug targets and pathways,MCF7 BRCA cell line drug perturbation screen,MCF7,Linifanib (ABT-869) (796967-16-3),GSK3B,,,2,,Srivatsan,N,Srivatsan2020,,2.0
204,Srivatsan,10.1016/j.cell.2020.08.013,Proteomics of human cell lines identifies drug targets and pathways,MCF7 BRCA cell line drug perturbation screen,MCF7,Linifanib (ABT-869) (796967-16-3),RPS6KB1,,,2,,Srivatsan,N,Srivatsan2020,,2.0
205,Srivatsan,10.1016/j.cell.2020.08.013,Proteomics of human cell lines identifies drug targets and pathways,MCF7 BRCA cell line drug perturbation screen,MCF7,Linifanib (ABT-869) (796967-16-3),MAPK14,,,2,,Srivatsan,N,Srivatsan2020,,2.0
206,Srivatsan,10.1016/j.cell.2020.08.013,Proteomics of human cell lines identifies drug targets and pathways,MCF7 BRCA cell line drug perturbation screen,MCF7,Linifanib (ABT-869) (796967-16-3),IGF1R,,,0,,Srivatsan,N,Srivatsan2020,,0.0
207,Srivatsan,10.1016/j.cell.2020.08.013,Proteomics of human cell lines identifies drug targets and pathways,MCF7 BRCA cell line drug perturbation screen,MCF7,Linifanib (ABT-869) (796967-16-3),MAP2K1,,,2,,Srivatsan,N,Srivatsan2020,,2.0
208,Srivatsan,10.1016/j.cell.2020.08.013,Proteomics of human cell lines identifies drug targets and pathways,MCF7 BRCA cell line drug perturbation screen,MCF7,Linifanib (ABT-869) (796967-16-3),GRB2,,,2,,Srivatsan,N,Srivatsan2020,,2.0
209,Srivatsan,10.1016/j.cell.2020.08.013,Proteomics of human cell lines identifies drug targets and pathways,MCF7 BRCA cell line drug perturbation screen,MCF7,"Baricitinib (LY3009104, INCB028050) (1187594-09-7)",EGFR,basal,1.0,,basal,Srivatsan,N,Srivatsan2020,,1.0
210,Srivatsan,10.1016/j.cell.2020.08.013,Proteomics of human cell lines identifies drug targets and pathways,MCF7 BRCA cell line drug perturbation screen,MCF7,"Baricitinib (LY3009104, INCB028050) (1187594-09-7)",PIK3CA,basal,2.0,,basal,Srivatsan,N,Srivatsan2020,,2.0
211,Srivatsan,10.1016/j.cell.2020.08.013,Proteomics of human cell lines identifies drug targets and pathways,MCF7 BRCA cell line drug perturbation screen,MCF7,"Baricitinib (LY3009104, INCB028050) (1187594-09-7)",CDKN2A,basal,0.0,,basal,Srivatsan,N,Srivatsan2020,,0.0
212,Srivatsan,10.1016/j.cell.2020.08.013,Proteomics of human cell lines identifies drug targets and pathways,MCF7 BRCA cell line drug perturbation screen,MCF7,"Baricitinib (LY3009104, INCB028050) (1187594-09-7)",JAK2,Drug,0,,INHIBITOR,Srivatsan,N,Srivatsan2020,,0.0
213,Srivatsan,10.1016/j.cell.2020.08.013,Proteomics of human cell lines identifies drug targets and pathways,MCF7 BRCA cell line drug perturbation screen,MCF7,"Baricitinib (LY3009104, INCB028050) (1187594-09-7)",EIF2AK2,,,0,,Srivatsan,N,Srivatsan2020,,0.0
214,Srivatsan,10.1016/j.cell.2020.08.013,Proteomics of human cell lines identifies drug targets and pathways,MCF7 BRCA cell line drug perturbation screen,MCF7,"Baricitinib (LY3009104, INCB028050) (1187594-09-7)",RPS6KB1,,,0,,Srivatsan,N,Srivatsan2020,,0.0
215,Srivatsan,10.1016/j.cell.2020.08.013,Proteomics of human cell lines identifies drug targets and pathways,MCF7 BRCA cell line drug perturbation screen,MCF7,Tofacitinib (CP-690550) Citrate (540737-29-9),EGFR,basal,1.0,,basal,Srivatsan,N,Srivatsan2020,,1.0
216,Srivatsan,10.1016/j.cell.2020.08.013,Proteomics of human cell lines identifies drug targets and pathways,MCF7 BRCA cell line drug perturbation screen,MCF7,Tofacitinib (CP-690550) Citrate (540737-29-9),PIK3CA,basal,2.0,,basal,Srivatsan,N,Srivatsan2020,,2.0
217,Srivatsan,10.1016/j.cell.2020.08.013,Proteomics of human cell lines identifies drug targets and pathways,MCF7 BRCA cell line drug perturbation screen,MCF7,Tofacitinib (CP-690550) Citrate (540737-29-9),CDKN2A,basal,0.0,,basal,Srivatsan,N,Srivatsan2020,,0.0
218,Srivatsan,10.1016/j.cell.2020.08.013,Proteomics of human cell lines identifies drug targets and pathways,MCF7 BRCA cell line drug perturbation screen,MCF7,Tofacitinib (CP-690550) Citrate (540737-29-9),JAK2,Drug,0,,INHIBITOR,Srivatsan,N,Srivatsan2020,,0.0
219,Srivatsan,10.1016/j.cell.2020.08.013,Proteomics of human cell lines identifies drug targets and pathways,MCF7 BRCA cell line drug perturbation screen,MCF7,Tofacitinib (CP-690550) Citrate (540737-29-9),EIF2AK2,,,0,,Srivatsan,N,Srivatsan2020,,0.0
220,Srivatsan,10.1016/j.cell.2020.08.013,Proteomics of human cell lines identifies drug targets and pathways,MCF7 BRCA cell line drug perturbation screen,MCF7,Tofacitinib (CP-690550) Citrate (540737-29-9),ESR1,,,2,,Srivatsan,N,Srivatsan2020,,2.0
221,Srivatsan,10.1016/j.cell.2020.08.013,Proteomics of human cell lines identifies drug targets and pathways,MCF7 BRCA cell line drug perturbation screen,MCF7,Cediranib (AZD2171) (288383-20-0),EGFR,basal,1.0,,basal,Srivatsan,N,Srivatsan2020,,1.0
222,Srivatsan,10.1016/j.cell.2020.08.013,Proteomics of human cell lines identifies drug targets and pathways,MCF7 BRCA cell line drug perturbation screen,MCF7,Cediranib (AZD2171) (288383-20-0),PIK3CA,basal,2.0,,basal,Srivatsan,N,Srivatsan2020,,2.0
223,Srivatsan,10.1016/j.cell.2020.08.013,Proteomics of human cell lines identifies drug targets and pathways,MCF7 BRCA cell line drug perturbation screen,MCF7,Cediranib (AZD2171) (288383-20-0),CDKN2A,basal,0.0,,basal,Srivatsan,N,Srivatsan2020,,0.0
224,Srivatsan,10.1016/j.cell.2020.08.013,Proteomics of human cell lines identifies drug targets and pathways,MCF7 BRCA cell line drug perturbation screen,MCF7,Cediranib (AZD2171) (288383-20-0),KIT,Drug,0,,INHIBITOR,Srivatsan,N,Srivatsan2020,,0.0
225,Srivatsan,10.1016/j.cell.2020.08.013,Proteomics of human cell lines identifies drug targets and pathways,MCF7 BRCA cell line drug perturbation screen,MCF7,Cediranib (AZD2171) (288383-20-0),PDGFRB,Drug,0,,INHIBITOR,Srivatsan,N,Srivatsan2020,,0.0
226,Srivatsan,10.1016/j.cell.2020.08.013,Proteomics of human cell lines identifies drug targets and pathways,MCF7 BRCA cell line drug perturbation screen,MCF7,Cediranib (AZD2171) (288383-20-0),JAK2,,,2,,Srivatsan,N,Srivatsan2020,,2.0
227,Srivatsan,10.1016/j.cell.2020.08.013,Proteomics of human cell lines identifies drug targets and pathways,MCF7 BRCA cell line drug perturbation screen,MCF7,Cediranib (AZD2171) (288383-20-0),CCND1,,,0,,Srivatsan,N,Srivatsan2020,,0.0
228,Srivatsan,10.1016/j.cell.2020.08.013,Proteomics of human cell lines identifies drug targets and pathways,MCF7 BRCA cell line drug perturbation screen,MCF7,Cediranib (AZD2171) (288383-20-0),PRKDC,,,0,,Srivatsan,N,Srivatsan2020,,0.0
229,Srivatsan,10.1016/j.cell.2020.08.013,Proteomics of human cell lines identifies drug targets and pathways,MCF7 BRCA cell line drug perturbation screen,MCF7,Sorafenib Tosylate (475207-59-1),EGFR,basal,1.0,,basal,Srivatsan,N,Srivatsan2020,,1.0
230,Srivatsan,10.1016/j.cell.2020.08.013,Proteomics of human cell lines identifies drug targets and pathways,MCF7 BRCA cell line drug perturbation screen,MCF7,Sorafenib Tosylate (475207-59-1),PIK3CA,basal,2.0,,basal,Srivatsan,N,Srivatsan2020,,2.0
231,Srivatsan,10.1016/j.cell.2020.08.013,Proteomics of human cell lines identifies drug targets and pathways,MCF7 BRCA cell line drug perturbation screen,MCF7,Sorafenib Tosylate (475207-59-1),CDKN2A,basal,0.0,,basal,Srivatsan,N,Srivatsan2020,,0.0
232,Srivatsan,10.1016/j.cell.2020.08.013,Proteomics of human cell lines identifies drug targets and pathways,MCF7 BRCA cell line drug perturbation screen,MCF7,Sorafenib Tosylate (475207-59-1),BRAF,Drug,0,,INHIBITOR,Srivatsan,N,Srivatsan2020,,0.0
233,Srivatsan,10.1016/j.cell.2020.08.013,Proteomics of human cell lines identifies drug targets and pathways,MCF7 BRCA cell line drug perturbation screen,MCF7,Sorafenib Tosylate (475207-59-1),KIT,Drug,0,,INHIBITOR,Srivatsan,N,Srivatsan2020,,0.0
234,Srivatsan,10.1016/j.cell.2020.08.013,Proteomics of human cell lines identifies drug targets and pathways,MCF7 BRCA cell line drug perturbation screen,MCF7,Sorafenib Tosylate (475207-59-1),PDGFRB,Drug,0,,INHIBITOR,Srivatsan,N,Srivatsan2020,,0.0
235,Srivatsan,10.1016/j.cell.2020.08.013,Proteomics of human cell lines identifies drug targets and pathways,MCF7 BRCA cell line drug perturbation screen,MCF7,Sorafenib Tosylate (475207-59-1),RAF1,Drug,0,,INHIBITOR,Srivatsan,N,Srivatsan2020,,0.0
236,Srivatsan,10.1016/j.cell.2020.08.013,Proteomics of human cell lines identifies drug targets and pathways,MCF7 BRCA cell line drug perturbation screen,MCF7,Sorafenib Tosylate (475207-59-1),RET,Drug,0,,INHIBITOR,Srivatsan,N,Srivatsan2020,,0.0
237,Srivatsan,10.1016/j.cell.2020.08.013,Proteomics of human cell lines identifies drug targets and pathways,MCF7 BRCA cell line drug perturbation screen,MCF7,Sorafenib Tosylate (475207-59-1),CDKN1A,,,2,,Srivatsan,N,Srivatsan2020,,2.0
238,Srivatsan,10.1016/j.cell.2020.08.013,Proteomics of human cell lines identifies drug targets and pathways,MCF7 BRCA cell line drug perturbation screen,MCF7,Bosutinib (SKI-606) (380843-75-4),EGFR,basal,1.0,,basal,Srivatsan,N,Srivatsan2020,,1.0
239,Srivatsan,10.1016/j.cell.2020.08.013,Proteomics of human cell lines identifies drug targets and pathways,MCF7 BRCA cell line drug perturbation screen,MCF7,Bosutinib (SKI-606) (380843-75-4),PIK3CA,basal,2.0,,basal,Srivatsan,N,Srivatsan2020,,2.0
240,Srivatsan,10.1016/j.cell.2020.08.013,Proteomics of human cell lines identifies drug targets and pathways,MCF7 BRCA cell line drug perturbation screen,MCF7,Bosutinib (SKI-606) (380843-75-4),CDKN2A,basal,0.0,,basal,Srivatsan,N,Srivatsan2020,,0.0
241,Srivatsan,10.1016/j.cell.2020.08.013,Proteomics of human cell lines identifies drug targets and pathways,MCF7 BRCA cell line drug perturbation screen,MCF7,Bosutinib (SKI-606) (380843-75-4),ABL1,Drug,0,,INHIBITOR,Srivatsan,N,Srivatsan2020,,0.0
242,Srivatsan,10.1016/j.cell.2020.08.013,Proteomics of human cell lines identifies drug targets and pathways,MCF7 BRCA cell line drug perturbation screen,MCF7,Bosutinib (SKI-606) (380843-75-4),SRC,Drug,0,,INHIBITOR,Srivatsan,N,Srivatsan2020,,0.0
243,Srivatsan,10.1016/j.cell.2020.08.013,Proteomics of human cell lines identifies drug targets and pathways,MCF7 BRCA cell line drug perturbation screen,MCF7,Bosutinib (SKI-606) (380843-75-4),PKM,,,0,,Srivatsan,N,Srivatsan2020,,0.0
244,Srivatsan,10.1016/j.cell.2020.08.013,Proteomics of human cell lines identifies drug targets and pathways,MCF7 BRCA cell line drug perturbation screen,MCF7,Bosutinib (SKI-606) (380843-75-4),HSP90AA1,,,0,,Srivatsan,N,Srivatsan2020,,0.0
245,Srivatsan,10.1016/j.cell.2020.08.013,Proteomics of human cell lines identifies drug targets and pathways,MCF7 BRCA cell line drug perturbation screen,MCF7,Bosutinib (SKI-606) (380843-75-4),ESR1,,,0,,Srivatsan,N,Srivatsan2020,,0.0
246,Srivatsan,10.1016/j.cell.2020.08.013,Proteomics of human cell lines identifies drug targets and pathways,MCF7 BRCA cell line drug perturbation screen,MCF7,Bosutinib (SKI-606) (380843-75-4),CCND1,,,0,,Srivatsan,N,Srivatsan2020,,0.0
247,Srivatsan,10.1016/j.cell.2020.08.013,Proteomics of human cell lines identifies drug targets and pathways,MCF7 BRCA cell line drug perturbation screen,MCF7,Bosutinib (SKI-606) (380843-75-4),PRKDC,,,0,,Srivatsan,N,Srivatsan2020,,0.0
248,Srivatsan,10.1016/j.cell.2020.08.013,Proteomics of human cell lines identifies drug targets and pathways,MCF7 BRCA cell line drug perturbation screen,MCF7,ENMD-2076 (934353-76-1),EGFR,basal,1.0,,basal,Srivatsan,N,Srivatsan2020,,1.0
249,Srivatsan,10.1016/j.cell.2020.08.013,Proteomics of human cell lines identifies drug targets and pathways,MCF7 BRCA cell line drug perturbation screen,MCF7,ENMD-2076 (934353-76-1),PIK3CA,basal,2.0,,basal,Srivatsan,N,Srivatsan2020,,2.0
250,Srivatsan,10.1016/j.cell.2020.08.013,Proteomics of human cell lines identifies drug targets and pathways,MCF7 BRCA cell line drug perturbation screen,MCF7,ENMD-2076 (934353-76-1),CDKN2A,basal,0.0,,basal,Srivatsan,N,Srivatsan2020,,0.0
251,Srivatsan,10.1016/j.cell.2020.08.013,Proteomics of human cell lines identifies drug targets and pathways,MCF7 BRCA cell line drug perturbation screen,MCF7,ENMD-2076 (934353-76-1),AURKB,Drug,0,,INHIBITOR,Srivatsan,N,Srivatsan2020,,0.0
252,Srivatsan,10.1016/j.cell.2020.08.013,Proteomics of human cell lines identifies drug targets and pathways,MCF7 BRCA cell line drug perturbation screen,MCF7,ENMD-2076 (934353-76-1),KIT,Drug,0,,INHIBITOR,Srivatsan,N,Srivatsan2020,,0.0
253,Srivatsan,10.1016/j.cell.2020.08.013,Proteomics of human cell lines identifies drug targets and pathways,MCF7 BRCA cell line drug perturbation screen,MCF7,ENMD-2076 (934353-76-1),EIF2AK2,,,0,,Srivatsan,N,Srivatsan2020,,0.0
254,Srivatsan,10.1016/j.cell.2020.08.013,Proteomics of human cell lines identifies drug targets and pathways,MCF7 BRCA cell line drug perturbation screen,MCF7,ENMD-2076 (934353-76-1),PKM,,,0,,Srivatsan,N,Srivatsan2020,,0.0
255,Srivatsan,10.1016/j.cell.2020.08.013,Proteomics of human cell lines identifies drug targets and pathways,MCF7 BRCA cell line drug perturbation screen,MCF7,ENMD-2076 (934353-76-1),HSP90AA1,,,0,,Srivatsan,N,Srivatsan2020,,0.0
256,Srivatsan,10.1016/j.cell.2020.08.013,Proteomics of human cell lines identifies drug targets and pathways,MCF7 BRCA cell line drug perturbation screen,MCF7,ENMD-2076 (934353-76-1),ESR1,,,2,,Srivatsan,N,Srivatsan2020,,2.0
257,Srivatsan,10.1016/j.cell.2020.08.013,Proteomics of human cell lines identifies drug targets and pathways,MCF7 BRCA cell line drug perturbation screen,MCF7,ENMD-2076 (934353-76-1),JAK2,,,2,,Srivatsan,N,Srivatsan2020,,2.0
258,Srivatsan,10.1016/j.cell.2020.08.013,Proteomics of human cell lines identifies drug targets and pathways,MCF7 BRCA cell line drug perturbation screen,MCF7,ENMD-2076 (934353-76-1),CDKN1A,,,2,,Srivatsan,N,Srivatsan2020,,2.0
259,Srivatsan,10.1016/j.cell.2020.08.013,Proteomics of human cell lines identifies drug targets and pathways,MCF7 BRCA cell line drug perturbation screen,MCF7,ENMD-2076 (934353-76-1),PRKDC,,,0,,Srivatsan,N,Srivatsan2020,,0.0
260,Srivatsan,10.1016/j.cell.2020.08.013,Proteomics of human cell lines identifies drug targets and pathways,MCF7 BRCA cell line drug perturbation screen,MCF7,AT9283 (896466-04-9),EGFR,basal,1.0,,basal,Srivatsan,N,Srivatsan2020,,1.0
261,Srivatsan,10.1016/j.cell.2020.08.013,Proteomics of human cell lines identifies drug targets and pathways,MCF7 BRCA cell line drug perturbation screen,MCF7,AT9283 (896466-04-9),PIK3CA,basal,2.0,,basal,Srivatsan,N,Srivatsan2020,,2.0
262,Srivatsan,10.1016/j.cell.2020.08.013,Proteomics of human cell lines identifies drug targets and pathways,MCF7 BRCA cell line drug perturbation screen,MCF7,AT9283 (896466-04-9),CDKN2A,basal,0.0,,basal,Srivatsan,N,Srivatsan2020,,0.0
263,Srivatsan,10.1016/j.cell.2020.08.013,Proteomics of human cell lines identifies drug targets and pathways,MCF7 BRCA cell line drug perturbation screen,MCF7,AT9283 (896466-04-9),ABL1,Drug,0,,INHIBITOR,Srivatsan,N,Srivatsan2020,,0.0
264,Srivatsan,10.1016/j.cell.2020.08.013,Proteomics of human cell lines identifies drug targets and pathways,MCF7 BRCA cell line drug perturbation screen,MCF7,AT9283 (896466-04-9),AURKB,Drug,0,,INHIBITOR,Srivatsan,N,Srivatsan2020,,0.0
265,Srivatsan,10.1016/j.cell.2020.08.013,Proteomics of human cell lines identifies drug targets and pathways,MCF7 BRCA cell line drug perturbation screen,MCF7,AT9283 (896466-04-9),JAK2,Drug,0,,INHIBITOR,Srivatsan,N,Srivatsan2020,,0.0
266,Srivatsan,10.1016/j.cell.2020.08.013,Proteomics of human cell lines identifies drug targets and pathways,MCF7 BRCA cell line drug perturbation screen,MCF7,AT9283 (896466-04-9),EIF2AK2,,,0,,Srivatsan,N,Srivatsan2020,,0.0
267,Srivatsan,10.1016/j.cell.2020.08.013,Proteomics of human cell lines identifies drug targets and pathways,MCF7 BRCA cell line drug perturbation screen,MCF7,AT9283 (896466-04-9),CDKN1A,,,2,,Srivatsan,N,Srivatsan2020,,2.0
268,Srivatsan,10.1016/j.cell.2020.08.013,Proteomics of human cell lines identifies drug targets and pathways,MCF7 BRCA cell line drug perturbation screen,MCF7,AC480 (BMS-599626) (714971-09-2),PIK3CA,basal,2.0,,basal,Srivatsan,N,Srivatsan2020,,2.0
269,Srivatsan,10.1016/j.cell.2020.08.013,Proteomics of human cell lines identifies drug targets and pathways,MCF7 BRCA cell line drug perturbation screen,MCF7,AC480 (BMS-599626) (714971-09-2),CDKN2A,basal,0.0,,basal,Srivatsan,N,Srivatsan2020,,0.0
270,Srivatsan,10.1016/j.cell.2020.08.013,Proteomics of human cell lines identifies drug targets and pathways,MCF7 BRCA cell line drug perturbation screen,MCF7,AC480 (BMS-599626) (714971-09-2),EGFR,Drug,0,,INHIBITOR,Srivatsan,N,Srivatsan2020,,0.0
271,Srivatsan,10.1016/j.cell.2020.08.013,Proteomics of human cell lines identifies drug targets and pathways,MCF7 BRCA cell line drug perturbation screen,MCF7,AC480 (BMS-599626) (714971-09-2),ERBB2,Drug,0,,INHIBITOR,Srivatsan,N,Srivatsan2020,,0.0
272,Srivatsan,10.1016/j.cell.2020.08.013,Proteomics of human cell lines identifies drug targets and pathways,MCF7 BRCA cell line drug perturbation screen,MCF7,AC480 (BMS-599626) (714971-09-2),PKM,,,0,,Srivatsan,N,Srivatsan2020,,0.0
273,Srivatsan,10.1016/j.cell.2020.08.013,Proteomics of human cell lines identifies drug targets and pathways,MCF7 BRCA cell line drug perturbation screen,MCF7,AC480 (BMS-599626) (714971-09-2),CCND1,,,0,,Srivatsan,N,Srivatsan2020,,0.0
274,Srivatsan,10.1016/j.cell.2020.08.013,Proteomics of human cell lines identifies drug targets and pathways,MCF7 BRCA cell line drug perturbation screen,MCF7,AC480 (BMS-599626) (714971-09-2),PRKDC,,,0,,Srivatsan,N,Srivatsan2020,,0.0
275,Srivatsan,10.1016/j.cell.2020.08.013,Proteomics of human cell lines identifies drug targets and pathways,MCF7 BRCA cell line drug perturbation screen,MCF7,Fulvestrant (129453-61-8),EGFR,basal,1.0,,basal,Srivatsan,N,Srivatsan2020,,1.0
276,Srivatsan,10.1016/j.cell.2020.08.013,Proteomics of human cell lines identifies drug targets and pathways,MCF7 BRCA cell line drug perturbation screen,MCF7,Fulvestrant (129453-61-8),PIK3CA,basal,2.0,,basal,Srivatsan,N,Srivatsan2020,,2.0
277,Srivatsan,10.1016/j.cell.2020.08.013,Proteomics of human cell lines identifies drug targets and pathways,MCF7 BRCA cell line drug perturbation screen,MCF7,Fulvestrant (129453-61-8),CDKN2A,basal,0.0,,basal,Srivatsan,N,Srivatsan2020,,0.0
278,Srivatsan,10.1016/j.cell.2020.08.013,Proteomics of human cell lines identifies drug targets and pathways,MCF7 BRCA cell line drug perturbation screen,MCF7,Fulvestrant (129453-61-8),ESR1,Drug,0,,ANTAGONIST,Srivatsan,N,Srivatsan2020,,0.0
279,Srivatsan,10.1016/j.cell.2020.08.013,Proteomics of human cell lines identifies drug targets and pathways,MCF7 BRCA cell line drug perturbation screen,MCF7,Fulvestrant (129453-61-8),PKM,,,0,,Srivatsan,N,Srivatsan2020,,0.0
280,Srivatsan,10.1016/j.cell.2020.08.013,Proteomics of human cell lines identifies drug targets and pathways,MCF7 BRCA cell line drug perturbation screen,MCF7,Fulvestrant (129453-61-8),HSP90AA1,,,0,,Srivatsan,N,Srivatsan2020,,0.0
281,Srivatsan,10.1016/j.cell.2020.08.013,Proteomics of human cell lines identifies drug targets and pathways,MCF7 BRCA cell line drug perturbation screen,MCF7,Fulvestrant (129453-61-8),PGR,,,0,,Srivatsan,N,Srivatsan2020,,0.0
282,Srivatsan,10.1016/j.cell.2020.08.013,Proteomics of human cell lines identifies drug targets and pathways,MCF7 BRCA cell line drug perturbation screen,MCF7,Fulvestrant (129453-61-8),ESR1,,,2,,Srivatsan,N,Srivatsan2020,,2.0
283,Srivatsan,10.1016/j.cell.2020.08.013,Proteomics of human cell lines identifies drug targets and pathways,MCF7 BRCA cell line drug perturbation screen,MCF7,Fulvestrant (129453-61-8),JAK2,,,0,,Srivatsan,N,Srivatsan2020,,0.0
284,Srivatsan,10.1016/j.cell.2020.08.013,Proteomics of human cell lines identifies drug targets and pathways,MCF7 BRCA cell line drug perturbation screen,MCF7,Fulvestrant (129453-61-8),RPS6KB1,,,2,,Srivatsan,N,Srivatsan2020,,2.0
285,Srivatsan,10.1016/j.cell.2020.08.013,Proteomics of human cell lines identifies drug targets and pathways,MCF7 BRCA cell line drug perturbation screen,MCF7,Fulvestrant (129453-61-8),CCND1,,,0,,Srivatsan,N,Srivatsan2020,,0.0
286,Srivatsan,10.1016/j.cell.2020.08.013,Proteomics of human cell lines identifies drug targets and pathways,MCF7 BRCA cell line drug perturbation screen,MCF7,Fulvestrant (129453-61-8),HES1,,,2,,Srivatsan,N,Srivatsan2020,,2.0
287,Srivatsan,10.1016/j.cell.2020.08.013,Proteomics of human cell lines identifies drug targets and pathways,MCF7 BRCA cell line drug perturbation screen,MCF7,Fulvestrant (129453-61-8),IGF1R,,,0,,Srivatsan,N,Srivatsan2020,,0.0
288,Srivatsan,10.1016/j.cell.2020.08.013,Proteomics of human cell lines identifies drug targets and pathways,MCF7 BRCA cell line drug perturbation screen,MCF7,Fulvestrant (129453-61-8),ERBB2,,,2,,Srivatsan,N,Srivatsan2020,,2.0
289,Srivatsan,10.1016/j.cell.2020.08.013,Proteomics of human cell lines identifies drug targets and pathways,MCF7 BRCA cell line drug perturbation screen,MCF7,Fulvestrant (129453-61-8),BRAF,,,2,,Srivatsan,N,Srivatsan2020,,2.0
290,Srivatsan,10.1016/j.cell.2020.08.013,Proteomics of human cell lines identifies drug targets and pathways,MCF7 BRCA cell line drug perturbation screen,MCF7,Fulvestrant (129453-61-8),PRKCD,,,2,,Srivatsan,N,Srivatsan2020,,2.0
291,Srivatsan,10.1016/j.cell.2020.08.013,Proteomics of human cell lines identifies drug targets and pathways,MCF7 BRCA cell line drug perturbation screen,MCF7,Fulvestrant (129453-61-8),ADCY1,,,0,,Srivatsan,N,Srivatsan2020,,0.0
292,Srivatsan,10.1016/j.cell.2020.08.013,Proteomics of human cell lines identifies drug targets and pathways,MCF7 BRCA cell line drug perturbation screen,MCF7,Fulvestrant (129453-61-8),RET,,,0,,Srivatsan,N,Srivatsan2020,,0.0
293,Srivatsan,10.1016/j.cell.2020.08.013,Proteomics of human cell lines identifies drug targets and pathways,MCF7 BRCA cell line drug perturbation screen,MCF7,Fulvestrant (129453-61-8),CDK1,,,0,,Srivatsan,N,Srivatsan2020,,0.0
294,Srivatsan,10.1016/j.cell.2020.08.013,Proteomics of human cell lines identifies drug targets and pathways,MCF7 BRCA cell line drug perturbation screen,MCF7,Fulvestrant (129453-61-8),PLCB1,,,2,,Srivatsan,N,Srivatsan2020,,2.0
295,Srivatsan,10.1016/j.cell.2020.08.013,Proteomics of human cell lines identifies drug targets and pathways,MCF7 BRCA cell line drug perturbation screen,MCF7,Fulvestrant (129453-61-8),PRKDC,,,0,,Srivatsan,N,Srivatsan2020,,0.0
